{"cameraMode":{"drawMode":0,"name":"Shaded","section":"Shading Mode"},"sceneLighting":true,"audioPlay":false,"sceneViewState":{"m_AlwaysRefresh":false,"showFog":true,"showSkybox":true,"showFlares":true,"showImageEffects":true,"showParticleSystems":true,"showVisualEffectGraphs":true,"m_FxEnabled":true},"in2DMode":false,"pivot":{"x":6.354925155639648,"y":-20.150117874145509,"z":-24.253318786621095},"rotation":{"x":0.022812580689787866,"y":0.9576540589332581,"z":-0.2758963704109192,"w":0.0791865810751915},"size":23.779232025146486,"orthographic":false}